{"epoch": 14, "train_acc": 0.7385876682913781, "train_loss": -0.13964676183000918, "val_acc": 0.866571625316976, "val_loss": -0.2154069215764809, "_timestamp": 1672810922.539724, "_runtime": 3.092738151550293, "_step": 13, "_wandb": {"runtime": 2}}