{"epoch": 4, "train_acc": 0.44938029517356176, "train_loss": 0.8993119205577902, "val_acc": 0.3476704623198191, "val_loss": 0.8713604072780494, "_timestamp": 1672815466.211732, "_runtime": 2.9417669773101807, "_step": 3, "_wandb": {"runtime": 2}}