{"epoch": 4, "train_acc": 0.41691941928484855, "train_loss": 0.8298276699892257, "val_acc": 0.3216312454479498, "val_loss": 0.8785781980067049, "_timestamp": 1672810558.665183, "_runtime": 3.002962112426758, "_step": 3, "_wandb": {"runtime": 2}}