{"epoch": 4, "train_acc": 0.4299027795584467, "train_loss": 0.7063853283586701, "val_acc": 0.3015671445565993, "val_loss": 0.869684877817301, "_timestamp": 1672810982.214172, "_runtime": 3.4822678565979004, "_step": 3, "_wandb": {"runtime": 2}}