{"epoch": 14, "train_acc": 0.7674085230392051, "train_loss": -0.29502718879197415, "val_acc": 0.8111425911171788, "val_loss": -0.12309510743683538, "_timestamp": 1672810934.889785, "_runtime": 4.4456281661987305, "_step": 13, "_wandb": {"runtime": 2}}