{"epoch": 9, "train_acc": 0.5790569543784965, "train_loss": 0.20337458491902843, "val_acc": 0.5626680607473247, "val_loss": 0.42817188817135055, "_timestamp": 1672815423.307165, "_runtime": 3.2335619926452637, "_step": 8, "_wandb": {"runtime": 2}}