{"epoch": 4, "train_acc": 0.4492850689314189, "train_loss": 0.8813980724064736, "val_acc": 0.37864080928524924, "val_loss": 0.8466782399921602, "_timestamp": 1672810967.525677, "_runtime": 4.558645963668823, "_step": 3, "_wandb": {"runtime": 2}}