{"epoch": 14, "train_acc": 0.7951931521536768, "train_loss": -0.263382788241397, "val_acc": 0.8730623778644334, "val_loss": -0.14782823551205748, "_timestamp": 1672810569.81388, "_runtime": 2.961948871612549, "_step": 13, "_wandb": {"runtime": 2}}