{"epoch": 14, "train_acc": 0.8014847654409853, "train_loss": -0.15634035050094014, "val_acc": 0.8769911945789879, "val_loss": -0.1322857937890407, "_timestamp": 1672810547.85984, "_runtime": 2.849030017852783, "_step": 13, "_wandb": {"runtime": 2}}