{"epoch": 14, "train_acc": 0.8133248082484831, "train_loss": -0.16633082740371313, "val_acc": 0.8995981876858721, "val_loss": -0.21619579638246567, "_timestamp": 1672810537.268696, "_runtime": 3.261389970779419, "_step": 13, "_wandb": {"runtime": 2}}