{"epoch": 4, "train_acc": 0.3900099330425377, "train_loss": 0.8854886577269054, "val_acc": 0.3570017544895202, "val_loss": 0.9256190590065694, "_timestamp": 1672810950.572002, "_runtime": 3.9734649658203125, "_step": 3, "_wandb": {"runtime": 2}}