{"acc": 0.8621176008864345, "loss": 0.12789383881861946, "_timestamp": 1672122391.443147, "_runtime": 3.60872483253479, "_step": 7, "_wandb": {"runtime": 2}}