{"acc": 0.8275371135562198, "loss": 0.14462702633064928, "_timestamp": 1672122191.369195, "_runtime": 4.423008918762207, "_step": 7, "_wandb": {"runtime": 2}}